layer_name,layer_idx,class_i,class_j,cosine_similarity
features.0,0,0,1,0.11168856173753738
features.0,0,0,2,0.4638882279396057
features.0,0,0,3,0.5186196565628052
features.0,0,0,4,0.21091923117637634
features.0,0,0,5,0.5387749075889587
features.0,0,0,6,0.18073195219039917
features.0,0,0,7,0.050858475267887115
features.0,0,0,8,0.18008635938167572
features.0,0,0,9,0.40404361486434937
features.0,0,1,0,0.11168856173753738
features.0,0,1,2,0.0321931317448616
features.0,0,1,3,0.0761513039469719
features.0,0,1,4,0.33253762125968933
features.0,0,1,5,0.20388159155845642
features.0,0,1,6,0.20481595396995544
features.0,0,1,7,0.034851543605327606
features.0,0,1,8,0.06320194900035858
features.0,0,1,9,0.3852088451385498
features.0,0,2,0,0.4638882279396057
features.0,0,2,1,0.0321931317448616
features.0,0,2,3,0.6062153577804565
features.0,0,2,4,0.45744842290878296
features.0,0,2,5,0.5258628129959106
features.0,0,2,6,0.7256354689598083
features.0,0,2,7,0.20984889566898346
features.0,0,2,8,0.20713075995445251
features.0,0,2,9,0.3831130564212799
features.0,0,3,0,0.5186196565628052
features.0,0,3,1,0.0761513039469719
features.0,0,3,2,0.6062153577804565
features.0,0,3,4,0.7140263915061951
features.0,0,3,5,0.8524838089942932
features.0,0,3,6,0.4208242893218994
features.0,0,3,7,0.22133567929267883
features.0,0,3,8,0.37249401211738586
features.0,0,3,9,0.07619322836399078
features.0,0,4,0,0.21091923117637634
features.0,0,4,1,0.33253762125968933
features.0,0,4,2,0.45744842290878296
features.0,0,4,3,0.7140263915061951
features.0,0,4,5,0.5189853310585022
features.0,0,4,6,0.47905150055885315
features.0,0,4,7,0.3228406608104706
features.0,0,4,8,0.11935615539550781
features.0,0,4,9,0.3760310113430023
features.0,0,5,0,0.5387749075889587
features.0,0,5,1,0.20388159155845642
features.0,0,5,2,0.5258628129959106
features.0,0,5,3,0.8524838089942932
features.0,0,5,4,0.5189853310585022
features.0,0,5,6,0.3574926257133484
features.0,0,5,7,0.06513822823762894
features.0,0,5,8,0.6536706686019897
features.0,0,5,9,0.1250479370355606
features.0,0,6,0,0.18073195219039917
features.0,0,6,1,0.20481595396995544
features.0,0,6,2,0.7256354689598083
features.0,0,6,3,0.4208242893218994
features.0,0,6,4,0.47905150055885315
features.0,0,6,5,0.3574926257133484
features.0,0,6,7,0.13944999873638153
features.0,0,6,8,0.001195836695842445
features.0,0,6,9,0.2574840486049652
features.0,0,7,0,0.050858475267887115
features.0,0,7,1,0.034851543605327606
features.0,0,7,2,0.20984889566898346
features.0,0,7,3,0.22133567929267883
features.0,0,7,4,0.3228406608104706
features.0,0,7,5,0.06513822823762894
features.0,0,7,6,0.13944999873638153
features.0,0,7,8,0.3778388798236847
features.0,0,7,9,0.469955176115036
features.0,0,8,0,0.18008635938167572
features.0,0,8,1,0.06320194900035858
features.0,0,8,2,0.20713075995445251
features.0,0,8,3,0.37249401211738586
features.0,0,8,4,0.11935615539550781
features.0,0,8,5,0.6536706686019897
features.0,0,8,6,0.001195836695842445
features.0,0,8,7,0.3778388798236847
features.0,0,8,9,0.22005246579647064
features.0,0,9,0,0.40404361486434937
features.0,0,9,1,0.3852088451385498
features.0,0,9,2,0.3831130564212799
features.0,0,9,3,0.07619322836399078
features.0,0,9,4,0.3760310113430023
features.0,0,9,5,0.1250479370355606
features.0,0,9,6,0.2574840486049652
features.0,0,9,7,0.469955176115036
features.0,0,9,8,0.22005246579647064
features.2,1,0,1,0.22714148461818695
features.2,1,0,2,0.4827513098716736
features.2,1,0,3,0.21567410230636597
features.2,1,0,4,0.0695067048072815
features.2,1,0,5,0.12908241152763367
features.2,1,0,6,0.3338248133659363
features.2,1,0,7,0.2080802619457245
features.2,1,0,8,0.3222483992576599
features.2,1,0,9,0.5217205882072449
features.2,1,1,0,0.22714148461818695
features.2,1,1,2,0.3214651048183441
features.2,1,1,3,0.1830097734928131
features.2,1,1,4,0.31423360109329224
features.2,1,1,5,0.41243135929107666
features.2,1,1,6,0.2376566231250763
features.2,1,1,7,0.2671906352043152
features.2,1,1,8,0.08176824450492859
features.2,1,1,9,0.4982532262802124
features.2,1,2,0,0.4827513098716736
features.2,1,2,1,0.3214651048183441
features.2,1,2,3,0.3596543073654175
features.2,1,2,4,0.08466410636901855
features.2,1,2,5,0.4409204125404358
features.2,1,2,6,0.28843390941619873
features.2,1,2,7,0.45336154103279114
features.2,1,2,8,0.10193441808223724
features.2,1,2,9,0.6613316535949707
features.2,1,3,0,0.21567410230636597
features.2,1,3,1,0.1830097734928131
features.2,1,3,2,0.3596543073654175
features.2,1,3,4,0.69547438621521
features.2,1,3,5,0.8179172873497009
features.2,1,3,6,0.3553423285484314
features.2,1,3,7,0.3760594427585602
features.2,1,3,8,0.3970322012901306
features.2,1,3,9,0.19016481935977936
features.2,1,4,0,0.0695067048072815
features.2,1,4,1,0.31423360109329224
features.2,1,4,2,0.08466410636901855
features.2,1,4,3,0.69547438621521
features.2,1,4,5,0.42201071977615356
features.2,1,4,6,0.48049196600914
features.2,1,4,7,0.615920901298523
features.2,1,4,8,0.1789584755897522
features.2,1,4,9,0.603608250617981
features.2,1,5,0,0.12908241152763367
features.2,1,5,1,0.41243135929107666
features.2,1,5,2,0.4409204125404358
features.2,1,5,3,0.8179172873497009
features.2,1,5,4,0.42201071977615356
features.2,1,5,6,0.21388599276542664
features.2,1,5,7,0.06903478503227234
features.2,1,5,8,0.6904084086418152
features.2,1,5,9,0.04934743046760559
features.2,1,6,0,0.3338248133659363
features.2,1,6,1,0.2376566231250763
features.2,1,6,2,0.28843390941619873
features.2,1,6,3,0.3553423285484314
features.2,1,6,4,0.48049196600914
features.2,1,6,5,0.21388599276542664
features.2,1,6,7,0.008123597130179405
features.2,1,6,8,0.2639213800430298
features.2,1,6,9,0.05558931827545166
features.2,1,7,0,0.2080802619457245
features.2,1,7,1,0.2671906352043152
features.2,1,7,2,0.45336154103279114
features.2,1,7,3,0.3760594427585602
features.2,1,7,4,0.615920901298523
features.2,1,7,5,0.06903478503227234
features.2,1,7,6,0.008123597130179405
features.2,1,7,8,0.011970490217208862
features.2,1,7,9,0.6724227666854858
features.2,1,8,0,0.3222483992576599
features.2,1,8,1,0.08176824450492859
features.2,1,8,2,0.10193441808223724
features.2,1,8,3,0.3970322012901306
features.2,1,8,4,0.1789584755897522
features.2,1,8,5,0.6904084086418152
features.2,1,8,6,0.2639213800430298
features.2,1,8,7,0.011970490217208862
features.2,1,8,9,0.054000481963157654
features.2,1,9,0,0.5217205882072449
features.2,1,9,1,0.4982532262802124
features.2,1,9,2,0.6613316535949707
features.2,1,9,3,0.19016481935977936
features.2,1,9,4,0.603608250617981
features.2,1,9,5,0.04934743046760559
features.2,1,9,6,0.05558931827545166
features.2,1,9,7,0.6724227666854858
features.2,1,9,8,0.054000481963157654
features.5,2,0,1,0.08739934861660004
features.5,2,0,2,0.26006898283958435
features.5,2,0,3,0.36593741178512573
features.5,2,0,4,0.06602980196475983
features.5,2,0,5,0.2095276266336441
features.5,2,0,6,0.10119222104549408
features.5,2,0,7,0.13553182780742645
features.5,2,0,8,0.35734087228775024
features.5,2,0,9,0.277260422706604
features.5,2,1,0,0.08739934861660004
features.5,2,1,2,0.12939754128456116
features.5,2,1,3,0.2217651903629303
features.5,2,1,4,0.18442973494529724
features.5,2,1,5,0.3680683970451355
features.5,2,1,6,0.054339323192834854
features.5,2,1,7,0.006808668375015259
features.5,2,1,8,0.026152506470680237
features.5,2,1,9,0.3182615339756012
features.5,2,2,0,0.26006898283958435
features.5,2,2,1,0.12939754128456116
features.5,2,2,3,0.4830790162086487
features.5,2,2,4,0.10698722302913666
features.5,2,2,5,0.5119490623474121
features.5,2,2,6,0.19205668568611145
features.5,2,2,7,0.2281162589788437
features.5,2,2,8,0.20182546973228455
features.5,2,2,9,0.456928551197052
features.5,2,3,0,0.36593741178512573
features.5,2,3,1,0.2217651903629303
features.5,2,3,2,0.4830790162086487
features.5,2,3,4,0.5415374636650085
features.5,2,3,5,0.5305911302566528
features.5,2,3,6,0.13759827613830566
features.5,2,3,7,0.40889644622802734
features.5,2,3,8,0.12368202954530716
features.5,2,3,9,0.06709951162338257
features.5,2,4,0,0.06602980196475983
features.5,2,4,1,0.18442973494529724
features.5,2,4,2,0.10698722302913666
features.5,2,4,3,0.5415374636650085
features.5,2,4,5,0.3297889232635498
features.5,2,4,6,0.4528217017650604
features.5,2,4,7,0.5203290581703186
features.5,2,4,8,0.03015429899096489
features.5,2,4,9,0.2805090546607971
features.5,2,5,0,0.2095276266336441
features.5,2,5,1,0.3680683970451355
features.5,2,5,2,0.5119490623474121
features.5,2,5,3,0.5305911302566528
features.5,2,5,4,0.3297889232635498
features.5,2,5,6,0.10247715562582016
features.5,2,5,7,0.014644347131252289
features.5,2,5,8,0.513782799243927
features.5,2,5,9,0.12122499197721481
features.5,2,6,0,0.10119222104549408
features.5,2,6,1,0.054339323192834854
features.5,2,6,2,0.19205668568611145
features.5,2,6,3,0.13759827613830566
features.5,2,6,4,0.4528217017650604
features.5,2,6,5,0.10247715562582016
features.5,2,6,7,0.06913026422262192
features.5,2,6,8,0.22355923056602478
features.5,2,6,9,0.021908391267061234
features.5,2,7,0,0.13553182780742645
features.5,2,7,1,0.006808668375015259
features.5,2,7,2,0.2281162589788437
features.5,2,7,3,0.40889644622802734
features.5,2,7,4,0.5203290581703186
features.5,2,7,5,0.014644347131252289
features.5,2,7,6,0.06913026422262192
features.5,2,7,8,0.18617691099643707
features.5,2,7,9,0.35097000002861023
features.5,2,8,0,0.35734087228775024
features.5,2,8,1,0.026152506470680237
features.5,2,8,2,0.20182546973228455
features.5,2,8,3,0.12368202954530716
features.5,2,8,4,0.03015429899096489
features.5,2,8,5,0.513782799243927
features.5,2,8,6,0.22355923056602478
features.5,2,8,7,0.18617691099643707
features.5,2,8,9,0.17810413241386414
features.5,2,9,0,0.277260422706604
features.5,2,9,1,0.3182615339756012
features.5,2,9,2,0.456928551197052
features.5,2,9,3,0.06709951162338257
features.5,2,9,4,0.2805090546607971
features.5,2,9,5,0.12122499197721481
features.5,2,9,6,0.021908391267061234
features.5,2,9,7,0.35097000002861023
features.5,2,9,8,0.17810413241386414
features.7,3,0,1,0.2967350482940674
features.7,3,0,2,0.036068763583898544
features.7,3,0,3,0.33811336755752563
features.7,3,0,4,0.005801193416118622
features.7,3,0,5,0.1615273803472519
features.7,3,0,6,0.02877030521631241
features.7,3,0,7,0.22800306975841522
features.7,3,0,8,0.4871459901332855
features.7,3,0,9,0.3016582727432251
features.7,3,1,0,0.2967350482940674
features.7,3,1,2,0.00816945731639862
features.7,3,1,3,0.1610167920589447
features.7,3,1,4,0.1873515099287033
features.7,3,1,5,0.2788432240486145
features.7,3,1,6,0.024329375475645065
features.7,3,1,7,0.05425366386771202
features.7,3,1,8,0.1452258676290512
features.7,3,1,9,0.2853285074234009
features.7,3,2,0,0.036068763583898544
features.7,3,2,1,0.00816945731639862
features.7,3,2,3,0.3447207808494568
features.7,3,2,4,0.10525277256965637
features.7,3,2,5,0.5860300660133362
features.7,3,2,6,0.3896629810333252
features.7,3,2,7,0.34101244807243347
features.7,3,2,8,0.3040933907032013
features.7,3,2,9,0.48841428756713867
features.7,3,3,0,0.33811336755752563
features.7,3,3,1,0.1610167920589447
features.7,3,3,2,0.3447207808494568
features.7,3,3,4,0.5369009375572205
features.7,3,3,5,0.3043283224105835
features.7,3,3,6,0.1440294086933136
features.7,3,3,7,0.3806098699569702
features.7,3,3,8,0.0023955851793289185
features.7,3,3,9,0.022336365655064583
features.7,3,4,0,0.005801193416118622
features.7,3,4,1,0.1873515099287033
features.7,3,4,2,0.10525277256965637
features.7,3,4,3,0.5369009375572205
features.7,3,4,5,0.18173308670520782
features.7,3,4,6,0.3022378981113434
features.7,3,4,7,0.4033333659172058
features.7,3,4,8,0.02294635772705078
features.7,3,4,9,0.1463531255722046
features.7,3,5,0,0.1615273803472519
features.7,3,5,1,0.2788432240486145
features.7,3,5,2,0.5860300660133362
features.7,3,5,3,0.3043283224105835
features.7,3,5,4,0.18173308670520782
features.7,3,5,6,0.2614060044288635
features.7,3,5,7,0.267921507358551
features.7,3,5,8,0.5101538896560669
features.7,3,5,9,0.3087391257286072
features.7,3,6,0,0.02877030521631241
features.7,3,6,1,0.024329375475645065
features.7,3,6,2,0.3896629810333252
features.7,3,6,3,0.1440294086933136
features.7,3,6,4,0.3022378981113434
features.7,3,6,5,0.2614060044288635
features.7,3,6,7,0.2682233452796936
features.7,3,6,8,0.06313201785087585
features.7,3,6,9,0.15841583907604218
features.7,3,7,0,0.22800306975841522
features.7,3,7,1,0.05425366386771202
features.7,3,7,2,0.34101244807243347
features.7,3,7,3,0.3806098699569702
features.7,3,7,4,0.4033333659172058
features.7,3,7,5,0.267921507358551
features.7,3,7,6,0.2682233452796936
features.7,3,7,8,0.3645346164703369
features.7,3,7,9,0.28935497999191284
features.7,3,8,0,0.4871459901332855
features.7,3,8,1,0.1452258676290512
features.7,3,8,2,0.3040933907032013
features.7,3,8,3,0.0023955851793289185
features.7,3,8,4,0.02294635772705078
features.7,3,8,5,0.5101538896560669
features.7,3,8,6,0.06313201785087585
features.7,3,8,7,0.3645346164703369
features.7,3,8,9,0.1729356050491333
features.7,3,9,0,0.3016582727432251
features.7,3,9,1,0.2853285074234009
features.7,3,9,2,0.48841428756713867
features.7,3,9,3,0.022336365655064583
features.7,3,9,4,0.1463531255722046
features.7,3,9,5,0.3087391257286072
features.7,3,9,6,0.15841583907604218
features.7,3,9,7,0.28935497999191284
features.7,3,9,8,0.1729356050491333
features.10,4,0,1,0.18552833795547485
features.10,4,0,2,0.017080921679735184
features.10,4,0,3,0.11764149367809296
features.10,4,0,4,0.037942975759506226
features.10,4,0,5,0.2522136867046356
features.10,4,0,6,0.07739876955747604
features.10,4,0,7,0.14439992606639862
features.10,4,0,8,0.497888445854187
features.10,4,0,9,0.31045472621917725
features.10,4,1,0,0.18552833795547485
features.10,4,1,2,0.1461826115846634
features.10,4,1,3,0.01579245552420616
features.10,4,1,4,0.09906601905822754
features.10,4,1,5,0.2809229791164398
features.10,4,1,6,0.07015515118837357
features.10,4,1,7,0.09345610439777374
features.10,4,1,8,0.1627444475889206
features.10,4,1,9,0.18970081210136414
features.10,4,2,0,0.017080921679735184
features.10,4,2,1,0.1461826115846634
features.10,4,2,3,0.4490678608417511
features.10,4,2,4,0.03861302137374878
features.10,4,2,5,0.4110299348831177
features.10,4,2,6,0.3456405699253082
features.10,4,2,7,0.09213287383317947
features.10,4,2,8,0.23479215800762177
features.10,4,2,9,0.4097018837928772
features.10,4,3,0,0.11764149367809296
features.10,4,3,1,0.01579245552420616
features.10,4,3,2,0.4490678608417511
features.10,4,3,4,0.41702377796173096
features.10,4,3,5,0.10426148772239685
features.10,4,3,6,0.22146545350551605
features.10,4,3,7,0.27356868982315063
features.10,4,3,8,0.05125319957733154
features.10,4,3,9,0.07897508144378662
features.10,4,4,0,0.037942975759506226
features.10,4,4,1,0.09906601905822754
features.10,4,4,2,0.03861302137374878
features.10,4,4,3,0.41702377796173096
features.10,4,4,5,0.08138685673475266
features.10,4,4,6,0.2631925344467163
features.10,4,4,7,0.21681222319602966
features.10,4,4,8,0.01137905940413475
features.10,4,4,9,0.04703260958194733
features.10,4,5,0,0.2522136867046356
features.10,4,5,1,0.2809229791164398
features.10,4,5,2,0.4110299348831177
features.10,4,5,3,0.10426148772239685
features.10,4,5,4,0.08138685673475266
features.10,4,5,6,0.16618911921977997
features.10,4,5,7,0.01725783385336399
features.10,4,5,8,0.3665972352027893
features.10,4,5,9,0.28772416710853577
features.10,4,6,0,0.07739876955747604
features.10,4,6,1,0.07015515118837357
features.10,4,6,2,0.3456405699253082
features.10,4,6,3,0.22146545350551605
features.10,4,6,4,0.2631925344467163
features.10,4,6,5,0.16618911921977997
features.10,4,6,7,0.12580759823322296
features.10,4,6,8,0.026625636965036392
features.10,4,6,9,0.11976256966590881
features.10,4,7,0,0.14439992606639862
features.10,4,7,1,0.09345610439777374
features.10,4,7,2,0.09213287383317947
features.10,4,7,3,0.27356868982315063
features.10,4,7,4,0.21681222319602966
features.10,4,7,5,0.01725783385336399
features.10,4,7,6,0.12580759823322296
features.10,4,7,8,0.19483821094036102
features.10,4,7,9,0.05130448192358017
features.10,4,8,0,0.497888445854187
features.10,4,8,1,0.1627444475889206
features.10,4,8,2,0.23479215800762177
features.10,4,8,3,0.05125319957733154
features.10,4,8,4,0.01137905940413475
features.10,4,8,5,0.3665972352027893
features.10,4,8,6,0.026625636965036392
features.10,4,8,7,0.19483821094036102
features.10,4,8,9,0.16438819468021393
features.10,4,9,0,0.31045472621917725
features.10,4,9,1,0.18970081210136414
features.10,4,9,2,0.4097018837928772
features.10,4,9,3,0.07897508144378662
features.10,4,9,4,0.04703260958194733
features.10,4,9,5,0.28772416710853577
features.10,4,9,6,0.11976256966590881
features.10,4,9,7,0.05130448192358017
features.10,4,9,8,0.16438819468021393
features.12,5,0,1,0.14118073880672455
features.12,5,0,2,0.019375694915652275
features.12,5,0,3,0.11288636177778244
features.12,5,0,4,0.11867881566286087
features.12,5,0,5,0.24533341825008392
features.12,5,0,6,0.2197285294532776
features.12,5,0,7,0.22794771194458008
features.12,5,0,8,0.5572179555892944
features.12,5,0,9,0.0855356827378273
features.12,5,1,0,0.14118073880672455
features.12,5,1,2,0.2224700152873993
features.12,5,1,3,0.05779901146888733
features.12,5,1,4,0.050750941038131714
features.12,5,1,5,0.09964987635612488
features.12,5,1,6,0.052615322172641754
features.12,5,1,7,0.09806607663631439
features.12,5,1,8,0.23797038197517395
features.12,5,1,9,0.19137994945049286
features.12,5,2,0,0.019375694915652275
features.12,5,2,1,0.2224700152873993
features.12,5,2,3,0.3387756943702698
features.12,5,2,4,0.16294312477111816
features.12,5,2,5,0.48269543051719666
features.12,5,2,6,0.23186779022216797
features.12,5,2,7,0.0123297069221735
features.12,5,2,8,0.1746273636817932
features.12,5,2,9,0.3707042336463928
features.12,5,3,0,0.11288636177778244
features.12,5,3,1,0.05779901146888733
features.12,5,3,2,0.3387756943702698
features.12,5,3,4,0.1825546771287918
features.12,5,3,5,0.018574848771095276
features.12,5,3,6,0.11622980982065201
features.12,5,3,7,0.2253963053226471
features.12,5,3,8,0.12557996809482574
features.12,5,3,9,5.402229726314545e-05
features.12,5,4,0,0.11867881566286087
features.12,5,4,1,0.050750941038131714
features.12,5,4,2,0.16294312477111816
features.12,5,4,3,0.1825546771287918
features.12,5,4,5,0.10724958032369614
features.12,5,4,6,0.18120674788951874
features.12,5,4,7,0.00770108588039875
features.12,5,4,8,0.10919614136219025
features.12,5,4,9,0.09447071701288223
features.12,5,5,0,0.24533341825008392
features.12,5,5,1,0.09964987635612488
features.12,5,5,2,0.48269543051719666
features.12,5,5,3,0.018574848771095276
features.12,5,5,4,0.10724958032369614
features.12,5,5,6,0.12230332940816879
features.12,5,5,7,0.05552277714014053
features.12,5,5,8,0.33791008591651917
features.12,5,5,9,0.37397512793540955
features.12,5,6,0,0.2197285294532776
features.12,5,6,1,0.052615322172641754
features.12,5,6,2,0.23186779022216797
features.12,5,6,3,0.11622980982065201
features.12,5,6,4,0.18120674788951874
features.12,5,6,5,0.12230332940816879
features.12,5,6,7,0.20189723372459412
features.12,5,6,8,0.03840915113687515
features.12,5,6,9,0.04180055856704712
features.12,5,7,0,0.22794771194458008
features.12,5,7,1,0.09806607663631439
features.12,5,7,2,0.0123297069221735
features.12,5,7,3,0.2253963053226471
features.12,5,7,4,0.00770108588039875
features.12,5,7,5,0.05552277714014053
features.12,5,7,6,0.20189723372459412
features.12,5,7,8,0.24316611886024475
features.12,5,7,9,0.043807365000247955
features.12,5,8,0,0.5572179555892944
features.12,5,8,1,0.23797038197517395
features.12,5,8,2,0.1746273636817932
features.12,5,8,3,0.12557996809482574
features.12,5,8,4,0.10919614136219025
features.12,5,8,5,0.33791008591651917
features.12,5,8,6,0.03840915113687515
features.12,5,8,7,0.24316611886024475
features.12,5,8,9,0.32941916584968567
features.12,5,9,0,0.0855356827378273
features.12,5,9,1,0.19137994945049286
features.12,5,9,2,0.3707042336463928
features.12,5,9,3,5.402229726314545e-05
features.12,5,9,4,0.09447071701288223
features.12,5,9,5,0.37397512793540955
features.12,5,9,6,0.04180055856704712
features.12,5,9,7,0.043807365000247955
features.12,5,9,8,0.32941916584968567
features.15,6,0,1,0.17351773381233215
features.15,6,0,2,0.016149526461958885
features.15,6,0,3,0.0558803491294384
features.15,6,0,4,0.1628362089395523
features.15,6,0,5,0.2152099907398224
features.15,6,0,6,0.1571865677833557
features.15,6,0,7,0.15972144901752472
features.15,6,0,8,0.5959138870239258
features.15,6,0,9,0.09203311800956726
features.15,6,1,0,0.17351773381233215
features.15,6,1,2,0.15499810874462128
features.15,6,1,3,0.020787788555026054
features.15,6,1,4,0.05567649006843567
features.15,6,1,5,0.149746373295784
features.15,6,1,6,0.026848651468753815
features.15,6,1,7,0.0010017240419983864
features.15,6,1,8,0.2723195254802704
features.15,6,1,9,0.3149690330028534
features.15,6,2,0,0.016149526461958885
features.15,6,2,1,0.15499810874462128
features.15,6,2,3,0.37885719537734985
features.15,6,2,4,0.19655345380306244
features.15,6,2,5,0.44030478596687317
features.15,6,2,6,0.14529474079608917
features.15,6,2,7,0.009512173011898994
features.15,6,2,8,0.042632319033145905
features.15,6,2,9,0.14100101590156555
features.15,6,3,0,0.0558803491294384
features.15,6,3,1,0.020787788555026054
features.15,6,3,2,0.37885719537734985
features.15,6,3,4,0.058771539479494095
features.15,6,3,5,0.092553049325943
features.15,6,3,6,0.14492183923721313
features.15,6,3,7,0.2632487416267395
features.15,6,3,8,0.1002470850944519
features.15,6,3,9,0.08478894084692001
features.15,6,4,0,0.1628362089395523
features.15,6,4,1,0.05567649006843567
features.15,6,4,2,0.19655345380306244
features.15,6,4,3,0.058771539479494095
features.15,6,4,5,0.04654703289270401
features.15,6,4,6,0.02077065408229828
features.15,6,4,7,0.16786625981330872
features.15,6,4,8,0.11373080313205719
features.15,6,4,9,0.15292851626873016
features.15,6,5,0,0.2152099907398224
features.15,6,5,1,0.149746373295784
features.15,6,5,2,0.44030478596687317
features.15,6,5,3,0.092553049325943
features.15,6,5,4,0.04654703289270401
features.15,6,5,6,0.05643804371356964
features.15,6,5,7,0.09965222328901291
features.15,6,5,8,0.14656470715999603
features.15,6,5,9,0.15706053376197815
features.15,6,6,0,0.1571865677833557
features.15,6,6,1,0.026848651468753815
features.15,6,6,2,0.14529474079608917
features.15,6,6,3,0.14492183923721313
features.15,6,6,4,0.02077065408229828
features.15,6,6,5,0.05643804371356964
features.15,6,6,7,0.05811920762062073
features.15,6,6,8,0.05081440508365631
features.15,6,6,9,0.028867613524198532
features.15,6,7,0,0.15972144901752472
features.15,6,7,1,0.0010017240419983864
features.15,6,7,2,0.009512173011898994
features.15,6,7,3,0.2632487416267395
features.15,6,7,4,0.16786625981330872
features.15,6,7,5,0.09965222328901291
features.15,6,7,6,0.05811920762062073
features.15,6,7,8,0.22830498218536377
features.15,6,7,9,0.09800440073013306
features.15,6,8,0,0.5959138870239258
features.15,6,8,1,0.2723195254802704
features.15,6,8,2,0.042632319033145905
features.15,6,8,3,0.1002470850944519
features.15,6,8,4,0.11373080313205719
features.15,6,8,5,0.14656470715999603
features.15,6,8,6,0.05081440508365631
features.15,6,8,7,0.22830498218536377
features.15,6,8,9,0.21684685349464417
features.15,6,9,0,0.09203311800956726
features.15,6,9,1,0.3149690330028534
features.15,6,9,2,0.14100101590156555
features.15,6,9,3,0.08478894084692001
features.15,6,9,4,0.15292851626873016
features.15,6,9,5,0.15706053376197815
features.15,6,9,6,0.028867613524198532
features.15,6,9,7,0.09800440073013306
features.15,6,9,8,0.21684685349464417
features.17,7,0,1,0.13170811533927917
features.17,7,0,2,0.020049946382641792
features.17,7,0,3,0.09990467876195908
features.17,7,0,4,0.14752690494060516
features.17,7,0,5,0.20029862225055695
features.17,7,0,6,0.1985979974269867
features.17,7,0,7,0.16202858090400696
features.17,7,0,8,0.5638821125030518
features.17,7,0,9,0.058302924036979675
features.17,7,1,0,0.13170811533927917
features.17,7,1,2,0.16652584075927734
features.17,7,1,3,0.05189061909914017
features.17,7,1,4,0.06710020452737808
features.17,7,1,5,0.10688526928424835
features.17,7,1,6,0.0037899171002209187
features.17,7,1,7,0.08243998885154724
features.17,7,1,8,0.28664228320121765
features.17,7,1,9,0.3094364404678345
features.17,7,2,0,0.020049946382641792
features.17,7,2,1,0.16652584075927734
features.17,7,2,3,0.3758639097213745
features.17,7,2,4,0.2267148643732071
features.17,7,2,5,0.24831825494766235
features.17,7,2,6,0.048912499099969864
features.17,7,2,7,0.10339730978012085
features.17,7,2,8,0.0061689987778663635
features.17,7,2,9,0.1663949340581894
features.17,7,3,0,0.09990467876195908
features.17,7,3,1,0.05189061909914017
features.17,7,3,2,0.3758639097213745
features.17,7,3,4,0.023340459913015366
features.17,7,3,5,0.36194682121276855
features.17,7,3,6,0.037822142243385315
features.17,7,3,7,0.1577979028224945
features.17,7,3,8,0.18568581342697144
features.17,7,3,9,0.09589235484600067
features.17,7,4,0,0.14752690494060516
features.17,7,4,1,0.06710020452737808
features.17,7,4,2,0.2267148643732071
features.17,7,4,3,0.023340459913015366
features.17,7,4,5,0.09275969117879868
features.17,7,4,6,0.09393204748630524
features.17,7,4,7,0.21036995947360992
features.17,7,4,8,0.09195801615715027
features.17,7,4,9,0.14457380771636963
features.17,7,5,0,0.20029862225055695
features.17,7,5,1,0.10688526928424835
features.17,7,5,2,0.24831825494766235
features.17,7,5,3,0.36194682121276855
features.17,7,5,4,0.09275969117879868
features.17,7,5,6,0.03706594184041023
features.17,7,5,7,0.04457130655646324
features.17,7,5,8,0.15127402544021606
features.17,7,5,9,0.17929281294345856
features.17,7,6,0,0.1985979974269867
features.17,7,6,1,0.0037899171002209187
features.17,7,6,2,0.048912499099969864
features.17,7,6,3,0.037822142243385315
features.17,7,6,4,0.09393204748630524
features.17,7,6,5,0.03706594184041023
features.17,7,6,7,0.04239382967352867
features.17,7,6,8,0.06625377386808395
features.17,7,6,9,0.02738095633685589
features.17,7,7,0,0.16202858090400696
features.17,7,7,1,0.08243998885154724
features.17,7,7,2,0.10339730978012085
features.17,7,7,3,0.1577979028224945
features.17,7,7,4,0.21036995947360992
features.17,7,7,5,0.04457130655646324
features.17,7,7,6,0.04239382967352867
features.17,7,7,8,0.2532905042171478
features.17,7,7,9,0.16565316915512085
features.17,7,8,0,0.5638821125030518
features.17,7,8,1,0.28664228320121765
features.17,7,8,2,0.0061689987778663635
features.17,7,8,3,0.18568581342697144
features.17,7,8,4,0.09195801615715027
features.17,7,8,5,0.15127402544021606
features.17,7,8,6,0.06625377386808395
features.17,7,8,7,0.2532905042171478
features.17,7,8,9,0.32748743891716003
features.17,7,9,0,0.058302924036979675
features.17,7,9,1,0.3094364404678345
features.17,7,9,2,0.1663949340581894
features.17,7,9,3,0.09589235484600067
features.17,7,9,4,0.14457380771636963
features.17,7,9,5,0.17929281294345856
features.17,7,9,6,0.02738095633685589
features.17,7,9,7,0.16565316915512085
features.17,7,9,8,0.32748743891716003
features.20,8,0,1,0.11895310878753662
features.20,8,0,2,0.03243597224354744
features.20,8,0,3,0.12015336751937866
features.20,8,0,4,0.14964410662651062
features.20,8,0,5,0.14936241507530212
features.20,8,0,6,0.16893510520458221
features.20,8,0,7,0.17668858170509338
features.20,8,0,8,0.6009702086448669
features.20,8,0,9,0.02739068493247032
features.20,8,1,0,0.11895310878753662
features.20,8,1,2,0.08059404045343399
features.20,8,1,3,0.1090281754732132
features.20,8,1,4,0.12401068210601807
features.20,8,1,5,0.003525499487295747
features.20,8,1,6,0.025552209466695786
features.20,8,1,7,0.0723205953836441
features.20,8,1,8,0.2626937925815582
features.20,8,1,9,0.33427348732948303
features.20,8,2,0,0.03243597224354744
features.20,8,2,1,0.08059404045343399
features.20,8,2,3,0.33359867334365845
features.20,8,2,4,0.1837969720363617
features.20,8,2,5,0.28795602917671204
features.20,8,2,6,0.0368526354432106
features.20,8,2,7,0.1830662190914154
features.20,8,2,8,0.021998170763254166
features.20,8,2,9,0.09904292225837708
features.20,8,3,0,0.12015336751937866
features.20,8,3,1,0.1090281754732132
features.20,8,3,2,0.33359867334365845
features.20,8,3,4,0.00659581646323204
features.20,8,3,5,0.37640878558158875
features.20,8,3,6,0.10541490465402603
features.20,8,3,7,0.14518417418003082
features.20,8,3,8,0.15883955359458923
features.20,8,3,9,0.08543775230646133
features.20,8,4,0,0.14964410662651062
features.20,8,4,1,0.12401068210601807
features.20,8,4,2,0.1837969720363617
features.20,8,4,3,0.00659581646323204
features.20,8,4,5,0.12715725600719452
features.20,8,4,6,0.011704232543706894
features.20,8,4,7,0.2586256265640259
features.20,8,4,8,0.17949701845645905
features.20,8,4,9,0.26036250591278076
features.20,8,5,0,0.14936241507530212
features.20,8,5,1,0.003525499487295747
features.20,8,5,2,0.28795602917671204
features.20,8,5,3,0.37640878558158875
features.20,8,5,4,0.12715725600719452
features.20,8,5,6,0.04631790891289711
features.20,8,5,7,0.06360110640525818
features.20,8,5,8,0.16545408964157104
features.20,8,5,9,0.12639880180358887
features.20,8,6,0,0.16893510520458221
features.20,8,6,1,0.025552209466695786
features.20,8,6,2,0.0368526354432106
features.20,8,6,3,0.10541490465402603
features.20,8,6,4,0.011704232543706894
features.20,8,6,5,0.04631790891289711
features.20,8,6,7,0.15730959177017212
features.20,8,6,8,0.0704510509967804
features.20,8,6,9,0.09152178466320038
features.20,8,7,0,0.17668858170509338
features.20,8,7,1,0.0723205953836441
features.20,8,7,2,0.1830662190914154
features.20,8,7,3,0.14518417418003082
features.20,8,7,4,0.2586256265640259
features.20,8,7,5,0.06360110640525818
features.20,8,7,6,0.15730959177017212
features.20,8,7,8,0.3077245354652405
features.20,8,7,9,0.175253763794899
features.20,8,8,0,0.6009702086448669
features.20,8,8,1,0.2626937925815582
features.20,8,8,2,0.021998170763254166
features.20,8,8,3,0.15883955359458923
features.20,8,8,4,0.17949701845645905
features.20,8,8,5,0.16545408964157104
features.20,8,8,6,0.0704510509967804
features.20,8,8,7,0.3077245354652405
features.20,8,8,9,0.3314073383808136
features.20,8,9,0,0.02739068493247032
features.20,8,9,1,0.33427348732948303
features.20,8,9,2,0.09904292225837708
features.20,8,9,3,0.08543775230646133
features.20,8,9,4,0.26036250591278076
features.20,8,9,5,0.12639880180358887
features.20,8,9,6,0.09152178466320038
features.20,8,9,7,0.175253763794899
features.20,8,9,8,0.3314073383808136
features.22,9,0,1,0.004985438659787178
features.22,9,0,2,0.19023016095161438
features.22,9,0,3,0.08126992732286453
features.22,9,0,4,0.023499684408307076
features.22,9,0,5,0.05484727770090103
features.22,9,0,6,0.049697183072566986
features.22,9,0,7,0.014553887769579887
features.22,9,0,8,0.6558127403259277
features.22,9,0,9,0.08400250226259232
features.22,9,1,0,0.004985438659787178
features.22,9,1,2,0.02233777567744255
features.22,9,1,3,0.047128599137067795
features.22,9,1,4,0.042155422270298004
features.22,9,1,5,0.0188808124512434
features.22,9,1,6,0.07105551660060883
features.22,9,1,7,0.009418406523764133
features.22,9,1,8,0.14709126949310303
features.22,9,1,9,0.5723205804824829
features.22,9,2,0,0.19023016095161438
features.22,9,2,1,0.02233777567744255
features.22,9,2,3,0.21224504709243774
features.22,9,2,4,0.22679628431797028
features.22,9,2,5,0.2425626963376999
features.22,9,2,6,0.07018181681632996
features.22,9,2,7,0.11402859538793564
features.22,9,2,8,0.023153167217969894
features.22,9,2,9,0.05092595890164375
features.22,9,3,0,0.08126992732286453
features.22,9,3,1,0.047128599137067795
features.22,9,3,2,0.21224504709243774
features.22,9,3,4,0.07271771132946014
features.22,9,3,5,0.5517777800559998
features.22,9,3,6,0.11477383971214294
features.22,9,3,7,0.09278862923383713
features.22,9,3,8,0.08023451268672943
features.22,9,3,9,0.04062290117144585
features.22,9,4,0,0.023499684408307076
features.22,9,4,1,0.042155422270298004
features.22,9,4,2,0.22679628431797028
features.22,9,4,3,0.07271771132946014
features.22,9,4,5,0.19404126703739166
features.22,9,4,6,0.09570139646530151
features.22,9,4,7,0.18055853247642517
features.22,9,4,8,0.0015535736456513405
features.22,9,4,9,0.05623876303434372
features.22,9,5,0,0.05484727770090103
features.22,9,5,1,0.0188808124512434
features.22,9,5,2,0.2425626963376999
features.22,9,5,3,0.5517777800559998
features.22,9,5,4,0.19404126703739166
features.22,9,5,6,0.106142058968544
features.22,9,5,7,0.08493241667747498
features.22,9,5,8,0.03484087809920311
features.22,9,5,9,0.002599787898361683
features.22,9,6,0,0.049697183072566986
features.22,9,6,1,0.07105551660060883
features.22,9,6,2,0.07018181681632996
features.22,9,6,3,0.11477383971214294
features.22,9,6,4,0.09570139646530151
features.22,9,6,5,0.106142058968544
features.22,9,6,7,0.07886087149381638
features.22,9,6,8,0.044624630361795425
features.22,9,6,9,0.026188276708126068
features.22,9,7,0,0.014553887769579887
features.22,9,7,1,0.009418406523764133
features.22,9,7,2,0.11402859538793564
features.22,9,7,3,0.09278862923383713
features.22,9,7,4,0.18055853247642517
features.22,9,7,5,0.08493241667747498
features.22,9,7,6,0.07886087149381638
features.22,9,7,8,0.047853097319602966
features.22,9,7,9,0.07071026414632797
features.22,9,8,0,0.6558127403259277
features.22,9,8,1,0.14709126949310303
features.22,9,8,2,0.023153167217969894
features.22,9,8,3,0.08023451268672943
features.22,9,8,4,0.0015535736456513405
features.22,9,8,5,0.03484087809920311
features.22,9,8,6,0.044624630361795425
features.22,9,8,7,0.047853097319602966
features.22,9,8,9,0.21755848824977875
features.22,9,9,0,0.08400250226259232
features.22,9,9,1,0.5723205804824829
features.22,9,9,2,0.05092595890164375
features.22,9,9,3,0.04062290117144585
features.22,9,9,4,0.05623876303434372
features.22,9,9,5,0.002599787898361683
features.22,9,9,6,0.026188276708126068
features.22,9,9,7,0.07071026414632797
features.22,9,9,8,0.21755848824977875
classifier,10,0,1,0.028197702020406723
classifier,10,0,2,0.33121779561042786
classifier,10,0,3,0.02083982154726982
classifier,10,0,4,0.022174356505274773
classifier,10,0,5,0.010033169761300087
classifier,10,0,6,0.032537441700696945
classifier,10,0,7,0.012519150972366333
classifier,10,0,8,0.697166383266449
classifier,10,0,9,0.1539115607738495
classifier,10,1,0,0.028197702020406723
classifier,10,1,2,0.0010627936571836472
classifier,10,1,3,0.01811693236231804
classifier,10,1,4,0.011302659288048744
classifier,10,1,5,0.020254019647836685
classifier,10,1,6,0.010640873573720455
classifier,10,1,7,0.04787175729870796
classifier,10,1,8,0.12499183416366577
classifier,10,1,9,0.7608156204223633
classifier,10,2,0,0.33121779561042786
classifier,10,2,1,0.0010627936571836472
classifier,10,2,3,0.10618221759796143
classifier,10,2,4,0.23988279700279236
classifier,10,2,5,0.24916064739227295
classifier,10,2,6,0.18003711104393005
classifier,10,2,7,0.06922389566898346
classifier,10,2,8,0.04434392973780632
classifier,10,2,9,0.028391338884830475
classifier,10,3,0,0.02083982154726982
classifier,10,3,1,0.01811693236231804
classifier,10,3,2,0.10618221759796143
classifier,10,3,4,0.08743120729923248
classifier,10,3,5,0.7283545732498169
classifier,10,3,6,0.18962515890598297
classifier,10,3,7,0.005593422334641218
classifier,10,3,8,0.004151768982410431
classifier,10,3,9,0.031901855021715164
classifier,10,4,0,0.022174356505274773
classifier,10,4,1,0.011302659288048744
classifier,10,4,2,0.23988279700279236
classifier,10,4,3,0.08743120729923248
classifier,10,4,5,0.0963340774178505
classifier,10,4,6,0.14892630279064178
classifier,10,4,7,0.2804555296897888
classifier,10,4,8,0.022216269746422768
classifier,10,4,9,0.0071273790672421455
classifier,10,5,0,0.010033169761300087
classifier,10,5,1,0.020254019647836685
classifier,10,5,2,0.24916064739227295
classifier,10,5,3,0.7283545732498169
classifier,10,5,4,0.0963340774178505
classifier,10,5,6,0.00319292931817472
classifier,10,5,7,0.20441201329231262
classifier,10,5,8,0.007636171765625477
classifier,10,5,9,0.010121073573827744
classifier,10,6,0,0.032537441700696945
classifier,10,6,1,0.010640873573720455
classifier,10,6,2,0.18003711104393005
classifier,10,6,3,0.18962515890598297
classifier,10,6,4,0.14892630279064178
classifier,10,6,5,0.00319292931817472
classifier,10,6,7,0.09444302320480347
classifier,10,6,8,0.009145960211753845
classifier,10,6,9,0.014988955110311508
classifier,10,7,0,0.012519150972366333
classifier,10,7,1,0.04787175729870796
classifier,10,7,2,0.06922389566898346
classifier,10,7,3,0.005593422334641218
classifier,10,7,4,0.2804555296897888
classifier,10,7,5,0.20441201329231262
classifier,10,7,6,0.09444302320480347
classifier,10,7,8,0.03644140437245369
classifier,10,7,9,0.06006869673728943
classifier,10,8,0,0.697166383266449
classifier,10,8,1,0.12499183416366577
classifier,10,8,2,0.04434392973780632
classifier,10,8,3,0.004151768982410431
classifier,10,8,4,0.022216269746422768
classifier,10,8,5,0.007636171765625477
classifier,10,8,6,0.009145960211753845
classifier,10,8,7,0.03644140437245369
classifier,10,8,9,0.1581842303276062
classifier,10,9,0,0.1539115607738495
classifier,10,9,1,0.7608156204223633
classifier,10,9,2,0.028391338884830475
classifier,10,9,3,0.031901855021715164
classifier,10,9,4,0.0071273790672421455
classifier,10,9,5,0.010121073573827744
classifier,10,9,6,0.014988955110311508
classifier,10,9,7,0.06006869673728943
classifier,10,9,8,0.1581842303276062
